"ID_COMPANY"	"NAME"	"PHONE"	"ADDRESS"
26	"ศุภวัฒน์ พุกเจริญ"	"123"	"dsdsdsds"
21	"Jamsai"	"0888144471"	"jamsaitown"
22	"เดียร์ เดียร์, สนพ."	"0857744471"	"deardear"
24	"fahsai"	"0899997948"	"fahsaitown"
25	"to share publishing house"	"1664"	"123/45ddddd"
27	"ธิงค์ บียอนด์ บุ๊คส์, บจก."	"456"	"fgfgfg"
28	"บูมคัลเลอร์ไลน์"	"789"	"45/888"
29	"เบรนจีเนียส, สนพ."	"4566564"	"sddsddddd"
30	"ซีเอ็ดยูเคชั่น, บมจ."	"1112"	"C-Town"
31	"มังกี้บุ๊กส์, บจก."	"321"	"มังกี้บุ๊กส์, บจก.Town"
32	"นานมีบุ๊คส์พับลิเคชั่นส์"	"5555"	"นานมีบุ๊คส์พับลิเคชั่นส์ Town"
